<?xml version="1.0" encoding="UTF-8"?>
<jcr:root xmlns:sling="http://sling.apache.org/jcr/sling/1.0" xmlns:granite="http://www.adobe.com/jcr/granite/1.0" xmlns:cq="http://www.day.com/jcr/cq/1.0" xmlns:jcr="http://www.jcp.org/jcr/1.0" xmlns:nt="http://www.jcp.org/jcr/nt/1.0"
    jcr:primaryType="nt:unstructured"
    jcr:title="Service"
    sling:resourceType="cq/gui/components/authoring/dialog"
    extraClientlibs="[blissProject.customComponents2]">
    <content
        granite:class="cmp-tabs__editor"
        jcr:primaryType="nt:unstructured"
        sling:resourceType="granite/ui/components/coral/foundation/container">
        <items jcr:primaryType="nt:unstructured">
            <tabs
                jcr:primaryType="nt:unstructured"
                sling:resourceType="granite/ui/components/coral/foundation/tabs"
                maximized="{Boolean}true">
                <items jcr:primaryType="nt:unstructured">
                    <properties
                        jcr:primaryType="nt:unstructured"
                        jcr:title="Title "
                        sling:resourceType="granite/ui/components/coral/foundation/container"
                        maximized="{Boolean}true">
                        <items jcr:primaryType="nt:unstructured">
                            <columns
                                jcr:primaryType="nt:unstructured"
                                sling:resourceType="granite/ui/components/coral/foundation/fixedcolumns"
                                margin="{Boolean}true">
                                <items jcr:primaryType="nt:unstructured">
                                    <column
                                        jcr:primaryType="nt:unstructured"
                                        sling:resourceType="granite/ui/components/coral/foundation/container">
                                        <items jcr:primaryType="nt:unstructured">
                                            <title
                                                jcr:primaryType="nt:unstructured"
                                                sling:resourceType="/libs/granite/ui/components/coral/foundation/form/textfield"
                                                fieldDescription="The item that is active by default."
                                                fieldLabel="Title"
                                                name="./title">
                                                <granite:data
                                                    jcr:primaryType="nt:unstructured"
                                                    cmp-tabs-v1-dialog-edit-hook="activeSelect"/>
                                                <items jcr:primaryType="nt:unstructured">
                                                    <default
                                                        jcr:primaryType="nt:unstructured"
                                                        text=""
                                                        value=""/>
                                                </items>
                                            </title>
                                        </items>
                                    </column>
                                </items>
                            </columns>
                        </items>
                    </properties>
                    <navigation
                        jcr:primaryType="nt:unstructured"
                        jcr:title="Cards"
                        sling:resourceType="granite/ui/components/coral/foundation/container"
                        maximized="{Boolean}true">
                        <items jcr:primaryType="nt:unstructured">
                            <columns
                                jcr:primaryType="nt:unstructured"
                                sling:resourceType="granite/ui/components/coral/foundation/fixedcolumns"
                                margin="{Boolean}true">
                                <items jcr:primaryType="nt:unstructured">
                                    <column
                                        jcr:primaryType="nt:unstructured"
                                        sling:resourceType="granite/ui/components/coral/foundation/container">
                                        <items jcr:primaryType="nt:unstructured">
                                            <imageData
                                                granite:class="service-multifield"
                                                jcr:primaryType="nt:unstructured"
                                                sling:resourceType="granite/ui/components/coral/foundation/form/multifield"
                                                composite="{Boolean}true"
                                                fieldLabel="Header Navigation"
                                                validation="service-multifield">
                                                <field
                                                    jcr:primaryType="nt:unstructured"
                                                    sling:resourceType="granite/ui/components/coral/foundation/container"
                                                    name="./imageData">
                                                    <items jcr:primaryType="nt:unstructured">
                                                        <column
                                                            jcr:primaryType="nt:unstructured"
                                                            sling:resourceType="granite/ui/components/coral/foundation/container">
                                                            <items jcr:primaryType="nt:unstructured">
                                                                <title
                                                                    jcr:primaryType="nt:unstructured"
                                                                    sling:resourceType="granite/ui/components/coral/foundation/form/textfield"
                                                                    fieldLabel="Card title"
                                                                    name="./title"/>
                                                                <href
                                                                    jcr:primaryType="nt:unstructured"
                                                                    sling:resourceType="granite/ui/components/coral/foundation/form/pathbrowser"
                                                                    fieldLabel="Button Href"
                                                                    name="./btnhref"
                                                                    rootPath="/content/blissProject"/>
                                                                <image
                                                                    jcr:primaryType="nt:unstructured"
                                                                    sling:resourceType="granite/ui/components/coral/foundation/form/pathfield"
                                                                    fieldLabel="Card Image"
                                                                    name="./cardimage"
                                                                    rootPath="/content/dam/blissProject/blissimages"/>
                                                                <desc
                                                                    jcr:primaryType="nt:unstructured"
                                                                    sling:resourceType="granite/ui/components/coral/foundation/form/textfield"
                                                                    fieldLabel="CardDescription"
                                                                    name="./carddesc"/>
                                                                <buttontext
                                                                    jcr:primaryType="nt:unstructured"
                                                                    sling:resourceType="granite/ui/components/coral/foundation/form/textfield"
                                                                    fieldLabel="CardButtontext"
                                                                    name="./btntext"/>
                                                            </items>
                                                        </column>
                                                    </items>
                                                </field>
                                                <granite:data
                                                    jcr:primaryType="nt:unstructured"
                                                    max-items="{Long}5"
                                                    min-items="{Long}3"/>
                                            </imageData>
                                        </items>
                                    </column>
                                </items>
                            </columns>
                        </items>
                    </navigation>
                </items>
            </tabs>
        </items>
    </content>
</jcr:root>
